{
  "hash": "b2a4993b",
  "configHash": "817d623a",
  "lockfileHash": "23eb8460",
  "browserHash": "668fd5d4",
  "optimized": {
    "@angular/common": {
      "src": "../../../../../../node_modules/@angular/common/fesm2022/common.mjs",
      "file": "@angular_common.js",
      "fileHash": "43323129",
      "needsInterop": false
    },
    "@angular/core": {
      "src": "../../../../../../node_modules/@angular/core/fesm2022/core.mjs",
      "file": "@angular_core.js",
      "fileHash": "441d199d",
      "needsInterop": false
    },
    "@angular/forms": {
      "src": "../../../../../../node_modules/@angular/forms/fesm2022/forms.mjs",
      "file": "@angular_forms.js",
      "fileHash": "e6333b7a",
      "needsInterop": false
    },
    "@angular/platform-browser": {
      "src": "../../../../../../node_modules/@angular/platform-browser/fesm2022/platform-browser.mjs",
      "file": "@angular_platform-browser.js",
      "fileHash": "a9f806e3",
      "needsInterop": false
    },
    "@angular/router": {
      "src": "../../../../../../node_modules/@angular/router/fesm2022/router.mjs",
      "file": "@angular_router.js",
      "fileHash": "469b280b",
      "needsInterop": false
    },
    "bootstrap/dist/js/bootstrap.bundle.min.js": {
      "src": "../../../../../../node_modules/bootstrap/dist/js/bootstrap.bundle.min.js",
      "file": "bootstrap_dist_js_bootstrap__bundle__min__js.js",
      "fileHash": "dc2011db",
      "needsInterop": true
    },
    "ngx-pagination": {
      "src": "../../../../../../node_modules/ngx-pagination/fesm2020/ngx-pagination.mjs",
      "file": "ngx-pagination.js",
      "fileHash": "79287516",
      "needsInterop": false
    },
    "rxjs": {
      "src": "../../../../../../node_modules/rxjs/dist/esm5/index.js",
      "file": "rxjs.js",
      "fileHash": "23960ef0",
      "needsInterop": false
    },
    "@angular/common/http": {
      "src": "../../../../../../node_modules/@angular/common/fesm2022/http.mjs",
      "file": "@angular_common_http.js",
      "fileHash": "9f15ac2d",
      "needsInterop": false
    }
  },
  "chunks": {
    "chunk-S33BES4U": {
      "file": "chunk-S33BES4U.js"
    },
    "chunk-RXM7GN5A": {
      "file": "chunk-RXM7GN5A.js"
    },
    "chunk-77B5US5O": {
      "file": "chunk-77B5US5O.js"
    },
    "chunk-VWCJ6NYD": {
      "file": "chunk-VWCJ6NYD.js"
    },
    "chunk-VY7IFRPO": {
      "file": "chunk-VY7IFRPO.js"
    },
    "chunk-P6U2JBMQ": {
      "file": "chunk-P6U2JBMQ.js"
    },
    "chunk-3OV72XIM": {
      "file": "chunk-3OV72XIM.js"
    }
  }
}