{
  "hash": "62807880",
  "configHash": "cb2d3254",
  "lockfileHash": "23eb8460",
  "browserHash": "ba81ef2a",
  "optimized": {
    "@angular/common": {
      "src": "../../../../../../node_modules/@angular/common/fesm2022/common.mjs",
      "file": "@angular_common.js",
      "fileHash": "e38d0576",
      "needsInterop": false
    },
    "@angular/core": {
      "src": "../../../../../../node_modules/@angular/core/fesm2022/core.mjs",
      "file": "@angular_core.js",
      "fileHash": "c50ffcc7",
      "needsInterop": false
    },
    "@angular/forms": {
      "src": "../../../../../../node_modules/@angular/forms/fesm2022/forms.mjs",
      "file": "@angular_forms.js",
      "fileHash": "b5e3af9f",
      "needsInterop": false
    },
    "@angular/platform-browser": {
      "src": "../../../../../../node_modules/@angular/platform-browser/fesm2022/platform-browser.mjs",
      "file": "@angular_platform-browser.js",
      "fileHash": "a72d5820",
      "needsInterop": false
    },
    "@angular/platform-server": {
      "src": "../../../../../../node_modules/@angular/platform-server/fesm2022/platform-server.mjs",
      "file": "@angular_platform-server.js",
      "fileHash": "eaa520a2",
      "needsInterop": false
    },
    "@angular/router": {
      "src": "../../../../../../node_modules/@angular/router/fesm2022/router.mjs",
      "file": "@angular_router.js",
      "fileHash": "ad51dbd5",
      "needsInterop": false
    },
    "@angular/ssr": {
      "src": "../../../../../../node_modules/@angular/ssr/fesm2022/ssr.mjs",
      "file": "@angular_ssr.js",
      "fileHash": "ead52cb8",
      "needsInterop": false
    },
    "@angular/ssr/node": {
      "src": "../../../../../../node_modules/@angular/ssr/fesm2022/node.mjs",
      "file": "@angular_ssr_node.js",
      "fileHash": "ef27211e",
      "needsInterop": false
    },
    "express": {
      "src": "../../../../../../node_modules/express/index.js",
      "file": "express.js",
      "fileHash": "1c3702c5",
      "needsInterop": true
    },
    "ngx-pagination": {
      "src": "../../../../../../node_modules/ngx-pagination/fesm2015/ngx-pagination.mjs",
      "file": "ngx-pagination.js",
      "fileHash": "45e14d3f",
      "needsInterop": false
    },
    "rxjs": {
      "src": "../../../../../../node_modules/rxjs/dist/cjs/index.js",
      "file": "rxjs.js",
      "fileHash": "2ceeb080",
      "needsInterop": true
    },
    "@angular/common/http": {
      "src": "../../../../../../node_modules/@angular/common/fesm2022/http.mjs",
      "file": "@angular_common_http.js",
      "fileHash": "c3db9abe",
      "needsInterop": false
    }
  },
  "chunks": {
    "xhr2-TXIMV6CV": {
      "file": "xhr2-TXIMV6CV.js"
    },
    "chunk-BRREIUY5": {
      "file": "chunk-BRREIUY5.js"
    },
    "chunk-JAIDNULQ": {
      "file": "chunk-JAIDNULQ.js"
    },
    "chunk-I4NZDCVW": {
      "file": "chunk-I4NZDCVW.js"
    },
    "chunk-PHBYFIUJ": {
      "file": "chunk-PHBYFIUJ.js"
    },
    "chunk-K5MQ33TU": {
      "file": "chunk-K5MQ33TU.js"
    },
    "chunk-MSCIDTL4": {
      "file": "chunk-MSCIDTL4.js"
    },
    "chunk-RIMVXDSX": {
      "file": "chunk-RIMVXDSX.js"
    },
    "chunk-DJQDLKY3": {
      "file": "chunk-DJQDLKY3.js"
    },
    "chunk-AQYIT73X": {
      "file": "chunk-AQYIT73X.js"
    },
    "chunk-YHCV7DAQ": {
      "file": "chunk-YHCV7DAQ.js"
    }
  }
}